P:GLY:39	1x22
P:ALA:40	1x23
P:ARG:41	1x24
P:SER:42	1x25
P:ALA:43	1x26
P:SER:44	1x27
P:SER:45	1x28
P:LEU:46	1x29
P:ALA:47	1x30
P:LEU:48	1x31
P:ALA:49	1x32
P:ILE:50	1x33
P:ALA:51	1x34
P:ILE:52	1x35
P:THR:53	1x36
P:ALA:54	1x37
P:LEU:55	1x38
P:TYR:56	1x39
P:SER:57	1x40
P:ALA:58	1x41
P:VAL:59	1x42
P:CYS:60	1x43
P:ALA:61	1x44
P:VAL:62	1x45
P:GLY:63	1x46
P:LEU:64	1x47
P:LEU:65	1x48
P:GLY:66	1x49
P:ASN:67	1x50
P:VAL:68	1x51
P:LEU:69	1x52
P:VAL:70	1x53
P:MET:71	1x54
P:PHE:72	1x55
P:GLY:73	1x56
P:ILE:74	1x57
P:VAL:75	1x58
P:ARG:76	1x59
P:TYR:77	1x60
P:THR:78	12x48
P:LYS:79	12x49
P:MET:80	12x50
P:LYS:81	12x51
P:THR:82	2x37
P:ALA:83	2x38
P:THR:84	2x39
P:ASN:85	2x40
P:ILE:86	2x41
P:TYR:87	2x42
P:ILE:88	2x43
P:PHE:89	2x44
P:ASN:90	2x45
P:LEU:91	2x46
P:ALA:92	2x47
P:LEU:93	2x48
P:ALA:94	2x49
P:ASP:95	2x50
P:ALA:96	2x51
P:LEU:97	2x52
P:ALA:98	2x53
P:THR:99	2x54
P:SER:100	2x55
P:THR:101	2x56
P:LEU:102	2x57
P:PRO:103	2x58
P:PHE:104	2x59
P:GLN:105	2x60
P:SER:106	2x61
P:ALA:107	2x62
P:LYS:108	2x63
P:TYR:109	2x64
P:LEU:110	2x65
P:MET:111	2x66
P:THR:113	23x49
P:TRP:114	23x50
P:PRO:115	23x51
P:PHE:116	23x52
P:GLY:117	3x21
P:GLU:118	3x22
P:LEU:119	3x23
P:LEU:120	3x24
P:CYS:121	3x25
P:LYS:122	3x26
P:ALA:123	3x27
P:VAL:124	3x28
P:LEU:125	3x29
P:SER:126	3x30
P:ILE:127	3x31
P:ASP:128	3x32
P:TYR:129	3x33
P:TYR:130	3x34
P:ASN:131	3x35
P:MET:132	3x36
P:PHE:133	3x37
P:THR:134	3x38
P:SER:135	3x39
P:ILE:136	3x40
P:PHE:137	3x41
P:THR:138	3x42
P:LEU:139	3x43
P:THR:140	3x44
P:MET:141	3x45
P:MET:142	3x46
P:SER:143	3x47
P:VAL:144	3x48
P:ASP:145	3x49
P:ARG:146	3x50
P:TYR:147	3x51
P:ILE:148	3x52
P:ALA:149	3x53
P:VAL:150	3x54
P:CYS:151	3x55
P:HIS:152	3x56
P:PRO:153	34x50
P:VAL:154	34x51
P:LYS:155	34x52
P:ALA:156	34x53
P:LEU:157	34x54
P:ASP:158	34x55
P:PHE:159	34x56
P:ARG:160	34x57
P:PRO:162	4x39
P:ALA:163	4x40
P:LYS:164	4x41
P:ALA:165	4x42
P:LYS:166	4x43
P:LEU:167	4x44
P:ILE:168	4x45
P:ASN:169	4x46
P:ILE:170	4x47
P:CYS:171	4x48
P:ILE:172	4x49
P:TRP:173	4x50
P:VAL:174	4x51
P:LEU:175	4x52
P:ALA:176	4x53
P:SER:177	4x54
P:GLY:178	4x55
P:VAL:179	4x56
P:GLY:180	4x57
P:VAL:181	4x58
P:PRO:182	4x59
P:ILE:183	4x60
P:MET:184	4x61
P:VAL:185	4x62
P:MET:186	4x63
P:ALA:187	4x64
P:CYS:198	45x50
P:MET:199	45x51
P:LEU:200	45x52
P:SER:206	5x32
P:TRP:207	5x33
P:TYR:208	5x34
P:TRP:209	5x35
P:ASP:210	5x36
P:THR:211	5x37
P:VAL:212	5x38
P:THR:213	5x39
P:LYS:214	5x40
P:ILE:215	5x41
P:CYS:216	5x42
P:VAL:217	5x43
P:PHE:218	5x44
P:LEU:219	5x45
P:PHE:220	5x46
P:ALA:221	5x461
P:PHE:222	5x47
P:VAL:223	5x48
P:VAL:224	5x49
P:PRO:225	5x50
P:ILE:226	5x51
P:LEU:227	5x52
P:ILE:228	5x53
P:ILE:229	5x54
P:THR:230	5x55
P:VAL:231	5x56
P:CYS:232	5x57
P:TYR:233	5x58
P:GLY:234	5x59
P:LEU:235	5x60
P:MET:236	5x61
P:LEU:237	5x62
P:LEU:238	5x63
P:ARG:239	5x64
P:LEU:240	5x65
P:ARG:241	5x66
P:SER:242	5x67
P:VAL:243	5x68
P:SER:249	6x23
P:LYS:250	6x24
P:GLU:251	6x25
P:LYS:252	6x26
P:ASP:253	6x27
P:ARG:254	6x28
P:SER:255	6x29
P:LEU:256	6x30
P:ARG:257	6x31
P:ARG:258	6x32
P:ILE:259	6x33
P:THR:260	6x34
P:ARG:261	6x35
P:MET:262	6x36
P:VAL:263	6x37
P:LEU:264	6x38
P:VAL:265	6x39
P:VAL:266	6x40
P:VAL:267	6x41
P:GLY:268	6x42
P:ALA:269	6x43
P:PHE:270	6x44
P:VAL:271	6x45
P:VAL:272	6x46
P:CYS:273	6x47
P:TRP:274	6x48
P:ALA:275	6x49
P:PRO:276	6x50
P:ILE:277	6x51
P:HIS:278	6x52
P:ILE:279	6x53
P:PHE:280	6x54
P:VAL:281	6x55
P:ILE:282	6x56
P:VAL:283	6x57
P:TRP:284	6x58
P:THR:285	6x59
P:LEU:286	6x60
P:VAL:287	6x61
P:ASP:293	7x27
P:PRO:294	7x28
P:LEU:295	7x29
P:VAL:296	7x30
P:VAL:297	7x31
P:ALA:298	7x32
P:ALA:299	7x33
P:LEU:300	7x34
P:HIS:301	7x35
P:LEU:302	7x36
P:CYS:303	7x37
P:ILE:304	7x38
P:ALA:305	7x39
P:LEU:306	7x40
P:GLY:307	7x41
P:TYR:308	7x42
P:ALA:309	7x43
P:ASN:310	7x45
P:SER:311	7x46
P:SER:312	7x47
P:LEU:313	7x48
P:ASN:314	7x49
P:PRO:315	7x50
P:VAL:316	7x51
P:LEU:317	7x52
P:TYR:318	7x53
P:ALA:319	7x54
P:PHE:320	7x55
P:LEU:321	7x56
P:ASP:322	8x47
P:GLU:323	8x48
P:ASN:324	8x49
P:PHE:325	8x50
P:LYS:326	8x51
P:ARG:327	8x52
P:CYS:328	8x53
P:PHE:329	8x54
P:ARG:330	8x55
P:GLN:331	8x56
P:LEU:332	8x57
P:CYS:333	8x58
P:ARG:334	8x59
P:LYS:335	8x60
H:EJ4:1219	Ligand
